date,state,income_mean,income_median,expenditure_mean,gini,poverty,year_x,exp_to_income_ratio,year_y,division,division_label,cpi_mean
2022-01-01,Johor,8517,6879,5342,0.36646,4.6,2022,0.6272161559234473,2022,01,Food & Non-Alcoholic Beverages,152.58333333333334
2022-01-01,Johor,8517,6879,5342,0.36646,4.6,2022,0.6272161559234473,2022,02,Alcoholic Beverages & Tobacco,173.65
2022-01-01,Johor,8517,6879,5342,0.36646,4.6,2022,0.6272161559234473,2022,03,Clothing & Footwear,95.63333333333333
2022-01-01,Johor,8517,6879,5342,0.36646,4.6,2022,0.6272161559234473,2022,04,"Housing, Water, Electricity & Gas",123.95833333333333
2022-01-01,Johor,8517,6879,5342,0.36646,4.6,2022,0.6272161559234473,2022,05,Furnishings & Household Equipment,121.20833333333333
2022-01-01,Johor,8517,6879,5342,0.36646,4.6,2022,0.6272161559234473,2022,06,Health,130.15
2022-01-01,Johor,8517,6879,5342,0.36646,4.6,2022,0.6272161559234473,2022,07,Transport,119.98333333333333
2022-01-01,Johor,8517,6879,5342,0.36646,4.6,2022,0.6272161559234473,2022,08,Communication,98.0
2022-01-01,Johor,8517,6879,5342,0.36646,4.6,2022,0.6272161559234473,2022,09,Recreation & Culture,119.47500000000001
2022-01-01,Johor,8517,6879,5342,0.36646,4.6,2022,0.6272161559234473,2022,10,Education,127.14999999999999
2022-01-01,Johor,8517,6879,5342,0.36646,4.6,2022,0.6272161559234473,2022,11,Restaurants & Hotels,140.78333333333333
2022-01-01,Johor,8517,6879,5342,0.36646,4.6,2022,0.6272161559234473,2022,12,Insurance & Financial Services,118.8
2022-01-01,Johor,8517,6879,5342,0.36646,4.6,2022,0.6272161559234473,2022,13,Personal Care & Miscellaneous,125.925
2022-01-01,Johor,8517,6879,5342,0.36646,4.6,2022,0.6272161559234473,2022,overall,Overall CPI,130.625
2022-01-01,Kedah,5550,4402,3765,0.35938,9.0,2022,0.6783783783783783,2022,01,Food & Non-Alcoholic Beverages,136.1
2022-01-01,Kedah,5550,4402,3765,0.35938,9.0,2022,0.6783783783783783,2022,02,Alcoholic Beverages & Tobacco,175.0666666666667
2022-01-01,Kedah,5550,4402,3765,0.35938,9.0,2022,0.6783783783783783,2022,03,Clothing & Footwear,86.85833333333333
2022-01-01,Kedah,5550,4402,3765,0.35938,9.0,2022,0.6783783783783783,2022,04,"Housing, Water, Electricity & Gas",125.09166666666665
2022-01-01,Kedah,5550,4402,3765,0.35938,9.0,2022,0.6783783783783783,2022,05,Furnishings & Household Equipment,118.41666666666667
2022-01-01,Kedah,5550,4402,3765,0.35938,9.0,2022,0.6783783783783783,2022,06,Health,120.71666666666665
2022-01-01,Kedah,5550,4402,3765,0.35938,9.0,2022,0.6783783783783783,2022,07,Transport,113.14166666666667
2022-01-01,Kedah,5550,4402,3765,0.35938,9.0,2022,0.6783783783783783,2022,08,Communication,98.84166666666665
2022-01-01,Kedah,5550,4402,3765,0.35938,9.0,2022,0.6783783783783783,2022,09,Recreation & Culture,115.46666666666665
2022-01-01,Kedah,5550,4402,3765,0.35938,9.0,2022,0.6783783783783783,2022,10,Education,109.35000000000001
2022-01-01,Kedah,5550,4402,3765,0.35938,9.0,2022,0.6783783783783783,2022,11,Restaurants & Hotels,133.82500000000002
2022-01-01,Kedah,5550,4402,3765,0.35938,9.0,2022,0.6783783783783783,2022,12,Insurance & Financial Services,118.5
2022-01-01,Kedah,5550,4402,3765,0.35938,9.0,2022,0.6783783783783783,2022,13,Personal Care & Miscellaneous,121.30833333333334
2022-01-01,Kedah,5550,4402,3765,0.35938,9.0,2022,0.6783783783783783,2022,overall,Overall CPI,123.47500000000001
2022-01-01,Kelantan,4885,3614,3505,0.3854,13.2,2022,0.7175025588536336,2022,01,Food & Non-Alcoholic Beverages,140.63333333333333
2022-01-01,Kelantan,4885,3614,3505,0.3854,13.2,2022,0.7175025588536336,2022,02,Alcoholic Beverages & Tobacco,184.125
2022-01-01,Kelantan,4885,3614,3505,0.3854,13.2,2022,0.7175025588536336,2022,03,Clothing & Footwear,97.70833333333333
2022-01-01,Kelantan,4885,3614,3505,0.3854,13.2,2022,0.7175025588536336,2022,04,"Housing, Water, Electricity & Gas",117.325
2022-01-01,Kelantan,4885,3614,3505,0.3854,13.2,2022,0.7175025588536336,2022,05,Furnishings & Household Equipment,115.76666666666667
2022-01-01,Kelantan,4885,3614,3505,0.3854,13.2,2022,0.7175025588536336,2022,06,Health,128.475
2022-01-01,Kelantan,4885,3614,3505,0.3854,13.2,2022,0.7175025588536336,2022,07,Transport,115.97500000000001
2022-01-01,Kelantan,4885,3614,3505,0.3854,13.2,2022,0.7175025588536336,2022,08,Communication,99.25
2022-01-01,Kelantan,4885,3614,3505,0.3854,13.2,2022,0.7175025588536336,2022,09,Recreation & Culture,109.04166666666667
2022-01-01,Kelantan,4885,3614,3505,0.3854,13.2,2022,0.7175025588536336,2022,10,Education,131.91666666666666
2022-01-01,Kelantan,4885,3614,3505,0.3854,13.2,2022,0.7175025588536336,2022,11,Restaurants & Hotels,124.74166666666667
2022-01-01,Kelantan,4885,3614,3505,0.3854,13.2,2022,0.7175025588536336,2022,12,Insurance & Financial Services,117.0
2022-01-01,Kelantan,4885,3614,3505,0.3854,13.2,2022,0.7175025588536336,2022,13,Personal Care & Miscellaneous,120.85000000000001
2022-01-01,Kelantan,4885,3614,3505,0.3854,13.2,2022,0.7175025588536336,2022,overall,Overall CPI,125.875
2022-01-01,Melaka,8057,6210,5707,0.36963,4.2,2022,0.7083281618468412,2022,01,Food & Non-Alcoholic Beverages,145.04999999999998
2022-01-01,Melaka,8057,6210,5707,0.36963,4.2,2022,0.7083281618468412,2022,02,Alcoholic Beverages & Tobacco,170.28333333333333
2022-01-01,Melaka,8057,6210,5707,0.36963,4.2,2022,0.7083281618468412,2022,03,Clothing & Footwear,74.925
2022-01-01,Melaka,8057,6210,5707,0.36963,4.2,2022,0.7083281618468412,2022,04,"Housing, Water, Electricity & Gas",125.85833333333333
2022-01-01,Melaka,8057,6210,5707,0.36963,4.2,2022,0.7083281618468412,2022,05,Furnishings & Household Equipment,123.0
2022-01-01,Melaka,8057,6210,5707,0.36963,4.2,2022,0.7083281618468412,2022,06,Health,120.55
2022-01-01,Melaka,8057,6210,5707,0.36963,4.2,2022,0.7083281618468412,2022,07,Transport,109.46666666666665
2022-01-01,Melaka,8057,6210,5707,0.36963,4.2,2022,0.7083281618468412,2022,08,Communication,97.7
2022-01-01,Melaka,8057,6210,5707,0.36963,4.2,2022,0.7083281618468412,2022,09,Recreation & Culture,114.91666666666667
2022-01-01,Melaka,8057,6210,5707,0.36963,4.2,2022,0.7083281618468412,2022,10,Education,131.2
2022-01-01,Melaka,8057,6210,5707,0.36963,4.2,2022,0.7083281618468412,2022,11,Restaurants & Hotels,132.84166666666667
2022-01-01,Melaka,8057,6210,5707,0.36963,4.2,2022,0.7083281618468412,2022,12,Insurance & Financial Services,111.25
2022-01-01,Melaka,8057,6210,5707,0.36963,4.2,2022,0.7083281618468412,2022,13,Personal Care & Miscellaneous,117.15833333333335
2022-01-01,Melaka,8057,6210,5707,0.36963,4.2,2022,0.7083281618468412,2022,overall,Overall CPI,124.19166666666666
2022-01-01,Negeri Sembilan,6788,5226,4678,0.36853,4.4,2022,0.6891573364761343,2022,01,Food & Non-Alcoholic Beverages,142.75
2022-01-01,Negeri Sembilan,6788,5226,4678,0.36853,4.4,2022,0.6891573364761343,2022,02,Alcoholic Beverages & Tobacco,171.04166666666666
2022-01-01,Negeri Sembilan,6788,5226,4678,0.36853,4.4,2022,0.6891573364761343,2022,03,Clothing & Footwear,99.75833333333333
2022-01-01,Negeri Sembilan,6788,5226,4678,0.36853,4.4,2022,0.6891573364761343,2022,04,"Housing, Water, Electricity & Gas",121.90833333333335
2022-01-01,Negeri Sembilan,6788,5226,4678,0.36853,4.4,2022,0.6891573364761343,2022,05,Furnishings & Household Equipment,118.73333333333333
2022-01-01,Negeri Sembilan,6788,5226,4678,0.36853,4.4,2022,0.6891573364761343,2022,06,Health,127.35833333333333
2022-01-01,Negeri Sembilan,6788,5226,4678,0.36853,4.4,2022,0.6891573364761343,2022,07,Transport,117.93333333333334
2022-01-01,Negeri Sembilan,6788,5226,4678,0.36853,4.4,2022,0.6891573364761343,2022,08,Communication,102.59999999999998
2022-01-01,Negeri Sembilan,6788,5226,4678,0.36853,4.4,2022,0.6891573364761343,2022,09,Recreation & Culture,117.02499999999999
2022-01-01,Negeri Sembilan,6788,5226,4678,0.36853,4.4,2022,0.6891573364761343,2022,10,Education,115.09999999999998
2022-01-01,Negeri Sembilan,6788,5226,4678,0.36853,4.4,2022,0.6891573364761343,2022,11,Restaurants & Hotels,129.74166666666667
2022-01-01,Negeri Sembilan,6788,5226,4678,0.36853,4.4,2022,0.6891573364761343,2022,12,Insurance & Financial Services,101.59999999999998
2022-01-01,Negeri Sembilan,6788,5226,4678,0.36853,4.4,2022,0.6891573364761343,2022,13,Personal Care & Miscellaneous,112.10833333333333
2022-01-01,Negeri Sembilan,6788,5226,4678,0.36853,4.4,2022,0.6891573364761343,2022,overall,Overall CPI,126.98333333333333
2022-01-01,Pahang,5777,4753,4107,0.3077,6.3,2022,0.7109226241994114,2022,01,Food & Non-Alcoholic Beverages,142.99166666666667
2022-01-01,Pahang,5777,4753,4107,0.3077,6.3,2022,0.7109226241994114,2022,02,Alcoholic Beverages & Tobacco,177.04999999999998
2022-01-01,Pahang,5777,4753,4107,0.3077,6.3,2022,0.7109226241994114,2022,03,Clothing & Footwear,95.125
2022-01-01,Pahang,5777,4753,4107,0.3077,6.3,2022,0.7109226241994114,2022,04,"Housing, Water, Electricity & Gas",118.7
2022-01-01,Pahang,5777,4753,4107,0.3077,6.3,2022,0.7109226241994114,2022,05,Furnishings & Household Equipment,123.46666666666665
2022-01-01,Pahang,5777,4753,4107,0.3077,6.3,2022,0.7109226241994114,2022,06,Health,121.43333333333334
2022-01-01,Pahang,5777,4753,4107,0.3077,6.3,2022,0.7109226241994114,2022,07,Transport,114.55
2022-01-01,Pahang,5777,4753,4107,0.3077,6.3,2022,0.7109226241994114,2022,08,Communication,104.25
2022-01-01,Pahang,5777,4753,4107,0.3077,6.3,2022,0.7109226241994114,2022,09,Recreation & Culture,108.89999999999999
2022-01-01,Pahang,5777,4753,4107,0.3077,6.3,2022,0.7109226241994114,2022,10,Education,121.125
2022-01-01,Pahang,5777,4753,4107,0.3077,6.3,2022,0.7109226241994114,2022,11,Restaurants & Hotels,125.05
2022-01-01,Pahang,5777,4753,4107,0.3077,6.3,2022,0.7109226241994114,2022,12,Insurance & Financial Services,107.78333333333335
2022-01-01,Pahang,5777,4753,4107,0.3077,6.3,2022,0.7109226241994114,2022,13,Personal Care & Miscellaneous,116.72500000000001
2022-01-01,Pahang,5777,4753,4107,0.3077,6.3,2022,0.7109226241994114,2022,overall,Overall CPI,124.68333333333334
2022-01-01,Pulau Pinang,8267,6502,5322,0.37058,2.0,2022,0.6437643643401476,2022,01,Food & Non-Alcoholic Beverages,149.85833333333332
2022-01-01,Pulau Pinang,8267,6502,5322,0.37058,2.0,2022,0.6437643643401476,2022,02,Alcoholic Beverages & Tobacco,167.04166666666666
2022-01-01,Pulau Pinang,8267,6502,5322,0.37058,2.0,2022,0.6437643643401476,2022,03,Clothing & Footwear,90.83333333333333
2022-01-01,Pulau Pinang,8267,6502,5322,0.37058,2.0,2022,0.6437643643401476,2022,04,"Housing, Water, Electricity & Gas",125.99166666666666
2022-01-01,Pulau Pinang,8267,6502,5322,0.37058,2.0,2022,0.6437643643401476,2022,05,Furnishings & Household Equipment,120.29166666666667
2022-01-01,Pulau Pinang,8267,6502,5322,0.37058,2.0,2022,0.6437643643401476,2022,06,Health,130.98333333333332
2022-01-01,Pulau Pinang,8267,6502,5322,0.37058,2.0,2022,0.6437643643401476,2022,07,Transport,117.79166666666667
2022-01-01,Pulau Pinang,8267,6502,5322,0.37058,2.0,2022,0.6437643643401476,2022,08,Communication,96.02499999999999
2022-01-01,Pulau Pinang,8267,6502,5322,0.37058,2.0,2022,0.6437643643401476,2022,09,Recreation & Culture,113.7
2022-01-01,Pulau Pinang,8267,6502,5322,0.37058,2.0,2022,0.6437643643401476,2022,10,Education,122.23333333333333
2022-01-01,Pulau Pinang,8267,6502,5322,0.37058,2.0,2022,0.6437643643401476,2022,11,Restaurants & Hotels,142.59166666666667
2022-01-01,Pulau Pinang,8267,6502,5322,0.37058,2.0,2022,0.6437643643401476,2022,12,Insurance & Financial Services,115.7
2022-01-01,Pulau Pinang,8267,6502,5322,0.37058,2.0,2022,0.6437643643401476,2022,13,Personal Care & Miscellaneous,124.61666666666666
2022-01-01,Pulau Pinang,8267,6502,5322,0.37058,2.0,2022,0.6437643643401476,2022,overall,Overall CPI,128.9
2022-01-01,Perak,5779,4494,3903,0.36769,7.5,2022,0.6753763626925073,2022,01,Food & Non-Alcoholic Beverages,137.53333333333333
2022-01-01,Perak,5779,4494,3903,0.36769,7.5,2022,0.6753763626925073,2022,02,Alcoholic Beverages & Tobacco,168.23333333333332
2022-01-01,Perak,5779,4494,3903,0.36769,7.5,2022,0.6753763626925073,2022,03,Clothing & Footwear,91.79166666666667
2022-01-01,Perak,5779,4494,3903,0.36769,7.5,2022,0.6753763626925073,2022,04,"Housing, Water, Electricity & Gas",115.89166666666667
2022-01-01,Perak,5779,4494,3903,0.36769,7.5,2022,0.6753763626925073,2022,05,Furnishings & Household Equipment,120.93333333333334
2022-01-01,Perak,5779,4494,3903,0.36769,7.5,2022,0.6753763626925073,2022,06,Health,123.68333333333334
2022-01-01,Perak,5779,4494,3903,0.36769,7.5,2022,0.6753763626925073,2022,07,Transport,114.825
2022-01-01,Perak,5779,4494,3903,0.36769,7.5,2022,0.6753763626925073,2022,08,Communication,101.7
2022-01-01,Perak,5779,4494,3903,0.36769,7.5,2022,0.6753763626925073,2022,09,Recreation & Culture,111.75
2022-01-01,Perak,5779,4494,3903,0.36769,7.5,2022,0.6753763626925073,2022,10,Education,114.99166666666667
2022-01-01,Perak,5779,4494,3903,0.36769,7.5,2022,0.6753763626925073,2022,11,Restaurants & Hotels,134.10833333333332
2022-01-01,Perak,5779,4494,3903,0.36769,7.5,2022,0.6753763626925073,2022,12,Insurance & Financial Services,116.5
2022-01-01,Perak,5779,4494,3903,0.36769,7.5,2022,0.6753763626925073,2022,13,Personal Care & Miscellaneous,120.25833333333333
2022-01-01,Perak,5779,4494,3903,0.36769,7.5,2022,0.6753763626925073,2022,overall,Overall CPI,122.95
2022-01-01,Perlis,5664,4713,3834,0.33589,4.0,2022,0.676906779661017,2022,01,Food & Non-Alcoholic Beverages,130.70000000000002
2022-01-01,Perlis,5664,4713,3834,0.33589,4.0,2022,0.676906779661017,2022,02,Alcoholic Beverages & Tobacco,183.9
2022-01-01,Perlis,5664,4713,3834,0.33589,4.0,2022,0.676906779661017,2022,03,Clothing & Footwear,90.14999999999999
2022-01-01,Perlis,5664,4713,3834,0.33589,4.0,2022,0.676906779661017,2022,04,"Housing, Water, Electricity & Gas",114.84166666666665
2022-01-01,Perlis,5664,4713,3834,0.33589,4.0,2022,0.676906779661017,2022,05,Furnishings & Household Equipment,113.10000000000001
2022-01-01,Perlis,5664,4713,3834,0.33589,4.0,2022,0.676906779661017,2022,06,Health,117.54166666666667
2022-01-01,Perlis,5664,4713,3834,0.33589,4.0,2022,0.676906779661017,2022,07,Transport,112.33333333333333
2022-01-01,Perlis,5664,4713,3834,0.33589,4.0,2022,0.676906779661017,2022,08,Communication,102.09166666666665
2022-01-01,Perlis,5664,4713,3834,0.33589,4.0,2022,0.676906779661017,2022,09,Recreation & Culture,118.64999999999999
2022-01-01,Perlis,5664,4713,3834,0.33589,4.0,2022,0.676906779661017,2022,10,Education,126.0
2022-01-01,Perlis,5664,4713,3834,0.33589,4.0,2022,0.676906779661017,2022,11,Restaurants & Hotels,131.03333333333333
2022-01-01,Perlis,5664,4713,3834,0.33589,4.0,2022,0.676906779661017,2022,12,Insurance & Financial Services,121.7
2022-01-01,Perlis,5664,4713,3834,0.33589,4.0,2022,0.676906779661017,2022,13,Personal Care & Miscellaneous,110.425
2022-01-01,Perlis,5664,4713,3834,0.33589,4.0,2022,0.676906779661017,2022,overall,Overall CPI,120.16666666666667
2022-01-01,Selangor,12233,9983,6770,0.36123,1.5,2022,0.5534210741437097,2022,01,Food & Non-Alcoholic Beverages,153.30833333333334
2022-01-01,Selangor,12233,9983,6770,0.36123,1.5,2022,0.5534210741437097,2022,02,Alcoholic Beverages & Tobacco,169.32500000000002
2022-01-01,Selangor,12233,9983,6770,0.36123,1.5,2022,0.5534210741437097,2022,03,Clothing & Footwear,99.38333333333333
2022-01-01,Selangor,12233,9983,6770,0.36123,1.5,2022,0.5534210741437097,2022,04,"Housing, Water, Electricity & Gas",129.20000000000002
2022-01-01,Selangor,12233,9983,6770,0.36123,1.5,2022,0.5534210741437097,2022,05,Furnishings & Household Equipment,130.96666666666667
2022-01-01,Selangor,12233,9983,6770,0.36123,1.5,2022,0.5534210741437097,2022,06,Health,126.66666666666667
2022-01-01,Selangor,12233,9983,6770,0.36123,1.5,2022,0.5534210741437097,2022,07,Transport,123.60000000000001
2022-01-01,Selangor,12233,9983,6770,0.36123,1.5,2022,0.5534210741437097,2022,08,Communication,96.40833333333335
2022-01-01,Selangor,12233,9983,6770,0.36123,1.5,2022,0.5534210741437097,2022,09,Recreation & Culture,119.825
2022-01-01,Selangor,12233,9983,6770,0.36123,1.5,2022,0.5534210741437097,2022,10,Education,124.56666666666666
2022-01-01,Selangor,12233,9983,6770,0.36123,1.5,2022,0.5534210741437097,2022,11,Restaurants & Hotels,148.38333333333333
2022-01-01,Selangor,12233,9983,6770,0.36123,1.5,2022,0.5534210741437097,2022,12,Insurance & Financial Services,102.3
2022-01-01,Selangor,12233,9983,6770,0.36123,1.5,2022,0.5534210741437097,2022,13,Personal Care & Miscellaneous,116.00833333333333
2022-01-01,Selangor,12233,9983,6770,0.36123,1.5,2022,0.5534210741437097,2022,overall,Overall CPI,132.08333333333334
2022-01-01,Terengganu,7248,5878,4796,0.32631,6.2,2022,0.6616997792494481,2022,01,Food & Non-Alcoholic Beverages,136.91666666666666
2022-01-01,Terengganu,7248,5878,4796,0.32631,6.2,2022,0.6616997792494481,2022,02,Alcoholic Beverages & Tobacco,183.75
2022-01-01,Terengganu,7248,5878,4796,0.32631,6.2,2022,0.6616997792494481,2022,03,Clothing & Footwear,93.51666666666667
2022-01-01,Terengganu,7248,5878,4796,0.32631,6.2,2022,0.6616997792494481,2022,04,"Housing, Water, Electricity & Gas",114.94166666666666
2022-01-01,Terengganu,7248,5878,4796,0.32631,6.2,2022,0.6616997792494481,2022,05,Furnishings & Household Equipment,115.5
2022-01-01,Terengganu,7248,5878,4796,0.32631,6.2,2022,0.6616997792494481,2022,06,Health,125.5
2022-01-01,Terengganu,7248,5878,4796,0.32631,6.2,2022,0.6616997792494481,2022,07,Transport,117.13333333333333
2022-01-01,Terengganu,7248,5878,4796,0.32631,6.2,2022,0.6616997792494481,2022,08,Communication,97.35000000000001
2022-01-01,Terengganu,7248,5878,4796,0.32631,6.2,2022,0.6616997792494481,2022,09,Recreation & Culture,109.56666666666666
2022-01-01,Terengganu,7248,5878,4796,0.32631,6.2,2022,0.6616997792494481,2022,10,Education,128.89166666666668
2022-01-01,Terengganu,7248,5878,4796,0.32631,6.2,2022,0.6616997792494481,2022,11,Restaurants & Hotels,126.13333333333333
2022-01-01,Terengganu,7248,5878,4796,0.32631,6.2,2022,0.6616997792494481,2022,12,Insurance & Financial Services,122.2
2022-01-01,Terengganu,7248,5878,4796,0.32631,6.2,2022,0.6616997792494481,2022,13,Personal Care & Miscellaneous,126.55833333333334
2022-01-01,Terengganu,7248,5878,4796,0.32631,6.2,2022,0.6616997792494481,2022,overall,Overall CPI,123.16666666666667
2022-01-01,Sabah,6171,4577,3342,0.39491,19.7,2022,0.5415653864851726,2022,01,Food & Non-Alcoholic Beverages,130.29166666666666
2022-01-01,Sabah,6171,4577,3342,0.39491,19.7,2022,0.5415653864851726,2022,02,Alcoholic Beverages & Tobacco,172.95833333333334
2022-01-01,Sabah,6171,4577,3342,0.39491,19.7,2022,0.5415653864851726,2022,03,Clothing & Footwear,91.11666666666667
2022-01-01,Sabah,6171,4577,3342,0.39491,19.7,2022,0.5415653864851726,2022,04,"Housing, Water, Electricity & Gas",108.86666666666667
2022-01-01,Sabah,6171,4577,3342,0.39491,19.7,2022,0.5415653864851726,2022,05,Furnishings & Household Equipment,115.85833333333333
2022-01-01,Sabah,6171,4577,3342,0.39491,19.7,2022,0.5415653864851726,2022,06,Health,130.54999999999998
2022-01-01,Sabah,6171,4577,3342,0.39491,19.7,2022,0.5415653864851726,2022,07,Transport,114.19166666666666
2022-01-01,Sabah,6171,4577,3342,0.39491,19.7,2022,0.5415653864851726,2022,08,Communication,98.98333333333333
2022-01-01,Sabah,6171,4577,3342,0.39491,19.7,2022,0.5415653864851726,2022,09,Recreation & Culture,119.375
2022-01-01,Sabah,6171,4577,3342,0.39491,19.7,2022,0.5415653864851726,2022,10,Education,113.69166666666666
2022-01-01,Sabah,6171,4577,3342,0.39491,19.7,2022,0.5415653864851726,2022,11,Restaurants & Hotels,145.73333333333332
2022-01-01,Sabah,6171,4577,3342,0.39491,19.7,2022,0.5415653864851726,2022,12,Insurance & Financial Services,110.5
2022-01-01,Sabah,6171,4577,3342,0.39491,19.7,2022,0.5415653864851726,2022,13,Personal Care & Miscellaneous,115.95833333333333
2022-01-01,Sabah,6171,4577,3342,0.39491,19.7,2022,0.5415653864851726,2022,overall,Overall CPI,118.0
2022-01-01,Sarawak,6457,4978,3915,0.3818,10.8,2022,0.6063187238655723,2022,01,Food & Non-Alcoholic Beverages,137.08333333333334
2022-01-01,Sarawak,6457,4978,3915,0.3818,10.8,2022,0.6063187238655723,2022,02,Alcoholic Beverages & Tobacco,147.54999999999998
2022-01-01,Sarawak,6457,4978,3915,0.3818,10.8,2022,0.6063187238655723,2022,03,Clothing & Footwear,89.75833333333333
2022-01-01,Sarawak,6457,4978,3915,0.3818,10.8,2022,0.6063187238655723,2022,04,"Housing, Water, Electricity & Gas",109.68333333333334
2022-01-01,Sarawak,6457,4978,3915,0.3818,10.8,2022,0.6063187238655723,2022,05,Furnishings & Household Equipment,111.44166666666666
2022-01-01,Sarawak,6457,4978,3915,0.3818,10.8,2022,0.6063187238655723,2022,06,Health,128.18333333333334
2022-01-01,Sarawak,6457,4978,3915,0.3818,10.8,2022,0.6063187238655723,2022,07,Transport,122.22500000000001
2022-01-01,Sarawak,6457,4978,3915,0.3818,10.8,2022,0.6063187238655723,2022,08,Communication,95.90000000000002
2022-01-01,Sarawak,6457,4978,3915,0.3818,10.8,2022,0.6063187238655723,2022,09,Recreation & Culture,107.77499999999999
2022-01-01,Sarawak,6457,4978,3915,0.3818,10.8,2022,0.6063187238655723,2022,10,Education,115.33333333333333
2022-01-01,Sarawak,6457,4978,3915,0.3818,10.8,2022,0.6063187238655723,2022,11,Restaurants & Hotels,134.78333333333333
2022-01-01,Sarawak,6457,4978,3915,0.3818,10.8,2022,0.6063187238655723,2022,12,Insurance & Financial Services,103.0
2022-01-01,Sarawak,6457,4978,3915,0.3818,10.8,2022,0.6063187238655723,2022,13,Personal Care & Miscellaneous,116.175
2022-01-01,Sarawak,6457,4978,3915,0.3818,10.8,2022,0.6063187238655723,2022,overall,Overall CPI,120.79166666666667
2022-01-01,W.P. Kuala Lumpur,13325,10234,7823,0.3796,1.4,2022,0.5870919324577861,2022,01,Food & Non-Alcoholic Beverages,146.65
2022-01-01,W.P. Kuala Lumpur,13325,10234,7823,0.3796,1.4,2022,0.5870919324577861,2022,02,Alcoholic Beverages & Tobacco,168.31666666666666
2022-01-01,W.P. Kuala Lumpur,13325,10234,7823,0.3796,1.4,2022,0.5870919324577861,2022,03,Clothing & Footwear,83.75833333333334
2022-01-01,W.P. Kuala Lumpur,13325,10234,7823,0.3796,1.4,2022,0.5870919324577861,2022,04,"Housing, Water, Electricity & Gas",130.225
2022-01-01,W.P. Kuala Lumpur,13325,10234,7823,0.3796,1.4,2022,0.5870919324577861,2022,05,Furnishings & Household Equipment,124.14166666666667
2022-01-01,W.P. Kuala Lumpur,13325,10234,7823,0.3796,1.4,2022,0.5870919324577861,2022,06,Health,115.33333333333333
2022-01-01,W.P. Kuala Lumpur,13325,10234,7823,0.3796,1.4,2022,0.5870919324577861,2022,07,Transport,124.90833333333335
2022-01-01,W.P. Kuala Lumpur,13325,10234,7823,0.3796,1.4,2022,0.5870919324577861,2022,08,Communication,91.91666666666667
2022-01-01,W.P. Kuala Lumpur,13325,10234,7823,0.3796,1.4,2022,0.5870919324577861,2022,09,Recreation & Culture,112.68333333333334
2022-01-01,W.P. Kuala Lumpur,13325,10234,7823,0.3796,1.4,2022,0.5870919324577861,2022,10,Education,128.11666666666665
2022-01-01,W.P. Kuala Lumpur,13325,10234,7823,0.3796,1.4,2022,0.5870919324577861,2022,11,Restaurants & Hotels,137.86666666666667
2022-01-01,W.P. Kuala Lumpur,13325,10234,7823,0.3796,1.4,2022,0.5870919324577861,2022,12,Insurance & Financial Services,105.58333333333333
2022-01-01,W.P. Kuala Lumpur,13325,10234,7823,0.3796,1.4,2022,0.5870919324577861,2022,13,Personal Care & Miscellaneous,117.88333333333333
2022-01-01,W.P. Kuala Lumpur,13325,10234,7823,0.3796,1.4,2022,0.5870919324577861,2022,overall,Overall CPI,128.475
2022-01-01,W.P. Labuan,8250,6904,4176,0.30028,2.5,2022,0.5061818181818182,2022,01,Food & Non-Alcoholic Beverages,129.15
2022-01-01,W.P. Labuan,8250,6904,4176,0.30028,2.5,2022,0.5061818181818182,2022,02,Alcoholic Beverages & Tobacco,132.7
2022-01-01,W.P. Labuan,8250,6904,4176,0.30028,2.5,2022,0.5061818181818182,2022,03,Clothing & Footwear,88.93333333333334
2022-01-01,W.P. Labuan,8250,6904,4176,0.30028,2.5,2022,0.5061818181818182,2022,04,"Housing, Water, Electricity & Gas",120.01666666666667
2022-01-01,W.P. Labuan,8250,6904,4176,0.30028,2.5,2022,0.5061818181818182,2022,05,Furnishings & Household Equipment,107.70833333333333
2022-01-01,W.P. Labuan,8250,6904,4176,0.30028,2.5,2022,0.5061818181818182,2022,06,Health,131.65
2022-01-01,W.P. Labuan,8250,6904,4176,0.30028,2.5,2022,0.5061818181818182,2022,07,Transport,120.26666666666667
2022-01-01,W.P. Labuan,8250,6904,4176,0.30028,2.5,2022,0.5061818181818182,2022,08,Communication,99.7
2022-01-01,W.P. Labuan,8250,6904,4176,0.30028,2.5,2022,0.5061818181818182,2022,09,Recreation & Culture,121.94166666666666
2022-01-01,W.P. Labuan,8250,6904,4176,0.30028,2.5,2022,0.5061818181818182,2022,10,Education,130.2
2022-01-01,W.P. Labuan,8250,6904,4176,0.30028,2.5,2022,0.5061818181818182,2022,11,Restaurants & Hotels,128.60833333333332
2022-01-01,W.P. Labuan,8250,6904,4176,0.30028,2.5,2022,0.5061818181818182,2022,12,Insurance & Financial Services,105.5
2022-01-01,W.P. Labuan,8250,6904,4176,0.30028,2.5,2022,0.5061818181818182,2022,13,Personal Care & Miscellaneous,113.5
2022-01-01,W.P. Labuan,8250,6904,4176,0.30028,2.5,2022,0.5061818181818182,2022,overall,Overall CPI,120.56666666666666
2022-01-01,W.P. Putrajaya,13473,10056,8897,0.3678,0.1,2022,0.6603577525421213,2022,01,Food & Non-Alcoholic Beverages,159.70833333333334
2022-01-01,W.P. Putrajaya,13473,10056,8897,0.3678,0.1,2022,0.6603577525421213,2022,02,Alcoholic Beverages & Tobacco,185.71666666666667
2022-01-01,W.P. Putrajaya,13473,10056,8897,0.3678,0.1,2022,0.6603577525421213,2022,03,Clothing & Footwear,87.29166666666667
2022-01-01,W.P. Putrajaya,13473,10056,8897,0.3678,0.1,2022,0.6603577525421213,2022,04,"Housing, Water, Electricity & Gas",130.46666666666667
2022-01-01,W.P. Putrajaya,13473,10056,8897,0.3678,0.1,2022,0.6603577525421213,2022,05,Furnishings & Household Equipment,133.54999999999998
2022-01-01,W.P. Putrajaya,13473,10056,8897,0.3678,0.1,2022,0.6603577525421213,2022,06,Health,111.29166666666667
2022-01-01,W.P. Putrajaya,13473,10056,8897,0.3678,0.1,2022,0.6603577525421213,2022,07,Transport,132.73333333333332
2022-01-01,W.P. Putrajaya,13473,10056,8897,0.3678,0.1,2022,0.6603577525421213,2022,08,Communication,96.03333333333335
2022-01-01,W.P. Putrajaya,13473,10056,8897,0.3678,0.1,2022,0.6603577525421213,2022,09,Recreation & Culture,107.49166666666667
2022-01-01,W.P. Putrajaya,13473,10056,8897,0.3678,0.1,2022,0.6603577525421213,2022,10,Education,129.41666666666666
2022-01-01,W.P. Putrajaya,13473,10056,8897,0.3678,0.1,2022,0.6603577525421213,2022,11,Restaurants & Hotels,164.6
2022-01-01,W.P. Putrajaya,13473,10056,8897,0.3678,0.1,2022,0.6603577525421213,2022,12,Insurance & Financial Services,109.09999999999998
2022-01-01,W.P. Putrajaya,13473,10056,8897,0.3678,0.1,2022,0.6603577525421213,2022,13,Personal Care & Miscellaneous,121.26666666666667
2022-01-01,W.P. Putrajaya,13473,10056,8897,0.3678,0.1,2022,0.6603577525421213,2022,overall,Overall CPI,133.825
